Hujan ADC;Hujan %;Status Hujan;Soil ADC;Soil %;Status Soil%;accel_magnitude;gyro_magnitude;pitch;roll;status mpu;Label
4095;0.0;Terang;3281;19.0;Kering;1.007;3.59;3.56;-6.84;STABIL;Aman
4095;0.0;Terang;3280;19.0;Kering;1.003;3.48;3.73;-6.90;STABIL;Aman
4095;0.0;Terang;3269;20.0;Kering;1.009;3.62;3.43;-6.93;STABIL;Aman
4095;0.0;Terang;3261;20.0;Kering;1.007;3.44;3.46;-6.71;STABIL;Aman
4095;0.0;Terang;3254;20.0;Kering;1.004;3.77;3.50;-6.64;STABIL;Aman
4095;0.0;Terang;3251;20.0;Kering;1.005;3.32;3.62;-6.77;STABIL;Aman
4094;0.0;Terang;3265;20.0;Kering;1.005;3.52;3.40;-6.67;STABIL;Aman
4095;0.0;Terang;3286;19.0;Kering;1.009;3.45;3.25;-7.03;STABIL;Aman
4095;0.0;Terang;3278;19.0;Kering;1.003;3.51;3.56;-6.78;STABIL;Aman
4095;0.0;Terang;3265;20.0;Kering;1.006;3.48;3.49;-6.70;STABIL;Aman
4095;0.0;Terang;3280;19.0;Kering;1.004;3.67;3.63;-6.89;STABIL;Aman
4095;0.0;Terang;3277;19.0;Kering;1.010;3.34;3.41;-6.83;STABIL;Aman
4095;0.0;Terang;3260;20.0;Kering;1.012;3.62;3.57;-6.83;STABIL;Aman
4095;0.0;Terang;3281;19.0;Kering;998;3.52;3.43;-6.81;STABIL;Aman
3621;11.0;Terang;3262;20.0;Kering;1.004;3.49;3.29;-6.81;STABIL;Aman
3283;19.0;Terang;3291;19.0;Kering;1.004;3.70;3.51;-6.69;STABIL;Aman
3143;23.0;Terang;3263;20.0;Kering;1.003;3.67;3.89;-6.60;STABIL;Aman
3410;16.0;Terang;3275;20.0;Kering;1.007;3.54;3.27;-6.78;STABIL;Aman
3119;23.0;Terang;3234;21.0;Kering;1.010;3.40;3.55;-6.65;STABIL;Aman
4095;0.0;Terang;3259;20.0;Kering;1.006;3.43;3.50;-6.67;STABIL;Aman
3680;10.0;Terang;3257;20.0;Kering;1.008;3.54;3.51;-6.83;STABIL;Aman
3495;14.0;Terang;3275;20.0;Kering;1.000;3.28;3.50;-6.85;STABIL;Aman
3410;16.0;Terang;3271;20.0;Kering;1.003;3.21;3.73;-6.78;STABIL;Aman
3390;17.0;Terang;3279;19.0;Kering;1.011;3.99;2.64;-6.22;STABIL;Aman
3322;18.0;Terang;3262;20.0;Kering;1.007;3.39;2.82;0.32;STABIL;Aman
3271;20.0;Terang;3236;20.0;Kering;1.004;3.50;2.66;0.10;STABIL;Aman
3211;21.0;Terang;3269;20.0;Kering;1.006;3.44;2.73;0.11;STABIL;Aman
3191;22.0;Terang;3269;20.0;Kering;1.004;3.49;2.66;0.22;STABIL;Aman
3166;22.0;Terang;3283;19.0;Kering;1.005;3.59;2.63;0.60;STABIL;Aman
3134;23.0;Terang;3251;20.0;Kering;1.004;3.58;2.58;0.25;STABIL;Aman
3115;23.0;Terang;3267;20.0;Kering;986;189.11;0.87;-10.72;GETARAN_KUAT;Waspada
3105;24.0;Terang;3264;20.0;Kering;2.002;150.73;19.22;-3.22;GETARAN_KUAT;Waspada
3069;25.0;Terang;3269;20.0;Kering;863;155.60;2.98;8.70;GETARAN_KUAT;Waspada
3033;25.0;Terang;3251;20.0;Kering;967;152.74;12.07;02.01;GETARAN_KUAT;Waspada
3024;26.0;Terang;3262;20.0;Kering;936;156.10;-3.92;-1.69;GETARAN_KUAT;Waspada
3011;26.0;Terang;3285;19.0;Kering;1.038;159.12;-37.54;-18.02;GETARAN_KUAT;Waspada
2967;27.0;Terang;3281;19.0;Kering;1.684;348.21;-45.33;-19.58;GETARAN_KUAT;Waspada
2965;27.0;Terang;3280;19.0;Kering;481;324.84;9.55;-76.46;GETARAN_KUAT;Waspada
2963;27.0;Terang;3262;20.0;Kering;1.289;432.83;35.57;10.52;GETARAN_KUAT;Waspada
2965;27.0;Terang;3251;20.0;Kering;1.234;304.40;-51.46;9.27;GETARAN_KUAT;Waspada
2970;27.0;Terang;3257;20.0;Kering;1.998;309.42;-63.49;87.57;GETARAN_KUAT;Waspada
2958;27.0;Terang;3257;20.0;Kering;1.802;332.53;17.76;29.64;GETARAN_KUAT;Waspada
4095;0.0;Terang;3248;20.0;Kering;2.219;282.76;35.93;19.98;GETARAN_KUAT;Waspada
4095;0.0;Terang;3251;20.0;Kering;2.903;268.02;-42.56;-60.02;GETARAN_KUAT;Waspada
4095;0.0;Terang;3277;19.0;Kering;1.064;283.32;44.77;53.98;GETARAN_KUAT;Waspada
4085;0.0;Terang;3267;20.0;Kering;3.839;381.50;-57.86;-14.68;GETARAN_KUAT;Bahaya
3970;3.0;Terang;3271;20.0;Kering;2.055;314.36;21.11;26.41;GETARAN_KUAT;Bahaya
3902;4.0;Terang;3262;20.0;Kering;1.659;363.38;-65.54;41.74;GETARAN_KUAT;Bahaya
3850;5.0;Terang;3267;20.0;Kering;1.237;276.83;-23.13;47.44;GETARAN_KUAT;Bahaya
3818;6.0;Terang;3277;19.0;Kering;1.498;387.34;-35.03;21.70;GETARAN_KUAT;Bahaya
3794;7.0;Terang;3271;20.0;Kering;1.886;175.54;26.10;59.15;GETARAN_KUAT;Bahaya
3735;8.0;Terang;3233;21.0;Kering;1.294;254.61;-22.74;23.39;GETARAN_KUAT;Bahaya
3710;9.0;Terang;3262;20.0;Kering;2.682;189.87;26.79;56.53;GETARAN_KUAT;Bahaya
3696;9.0;Terang;3255;20.0;Kering;1.191;153.90;-17.46;-60.51;GETARAN_KUAT;Bahaya
3685;10.0;Terang;3315;19.0;Kering;2.155;363.22;-27.76;46.85;GETARAN_KUAT;Bahaya
3684;10.0;Terang;3327;18.0;Kering;2.200;401.67;-33.17;45.11;GETARAN_KUAT;Bahaya
3693;9.0;Terang;3323;18.0;Kering;1.235;223.45;-15.31;-50.17;GETARAN_KUAT;Bahaya
3698;9.0;Terang;3337;18.0;Kering;3.288;177.63;-11.68;66.43;GETARAN_KUAT;Bahaya
3706;9.0;Terang;3330;18.0;Kering;1.472;412.19;48.61;-4.01;GETARAN_KUAT;Bahaya
3715;9.0;Terang;3338;18.0;Kering;794;397.58;54.21;87.65;GETARAN_KUAT;Bahaya
3713;9.0;Terang;1246;69.0;Basah;1.008;3.61;2.75;0.14;STABIL;Waspada
3726;9.0;Terang;1185;71.0;Basah;1.006;3.72;2.88;0.35;STABIL;Waspada
3726;9.0;Terang;1181;71.0;Basah;1.011;3.41;2.71;0.33;STABIL;Waspada
3731;8.0;Terang;1179;71.0;Basah;1.008;3.72;2.72;0.35;STABIL;Waspada
3736;8.0;Terang;1180;71.0;Basah;1.006;3.59;2.92;0.57;STABIL;Waspada
3739;8.0;Terang;1185;71.0;Basah;1.000;3.73;2.76;0.38;STABIL;Waspada
3750;8.0;Terang;1181;71.0;Basah;1.004;3.39;2.86;0.27;STABIL;Waspada
3758;8.0;Terang;1162;71.0;Basah;998;3.71;2.82;0.21;STABIL;Waspada
3762;8.0;Terang;1177;71.0;Basah;998;3.37;2.61;0.34;STABIL;Waspada
3762;8.0;Terang;1178;71.0;Basah;1.000;3.51;2.67;0.18;STABIL;Waspada
4095;0.0;Terang;1179;71.0;Basah;998;3.65;2.78;0.13;STABIL;Waspada
3958;3.0;Terang;1171;71.0;Basah;1.005;3.50;-0.50;-1.18;STABIL;Waspada
3872;5.0;Terang;1174;71.0;Basah;1.010;3.54;-0.32;-1.09;STABIL;Waspada
3813;6.0;Terang;1169;71.0;Basah;1.005;3.42;-0.52;-1.50;STABIL;Waspada
3759;8.0;Terang;1177;71.0;Basah;1.005;3.49;-0.64;-1.39;STABIL;Waspada
3727;8.0;Terang;1174;71.0;Basah;1.003;3.62;-0.61;-1.67;STABIL;Waspada
3710;9.0;Terang;1173;71.0;Basah;995;3.68;-0.66;-1.41;STABIL;Waspada
3695;9.0;Terang;1174;71.0;Basah;999;3.54;-0.70;-1.40;STABIL;Waspada
3666;10.0;Terang;1153;71.0;Basah;1.004;3.51;-0.36;-1.74;STABIL;Waspada
3655;10.0;Terang;1141;72.0;Basah;1.002;3.65;-0.29;-1.42;STABIL;Waspada
3648;10.0;Terang;1136;72.0;Basah;1.006;3.48;-0.38;-1.36;STABIL;Waspada
3633;11.0;Terang;1136;72.0;Basah;1.002;3.56;-0.39;-1.30;STABIL;Waspada
3606;11.0;Terang;1151;71.0;Basah;1.002;3.43;-0.49;-1.51;STABIL;Waspada
3610;11.0;Terang;1186;71.0;Basah;1.002;3.52;-0.52;-1.28;STABIL;Waspada
3575;12.0;Terang;1173;71.0;Basah;1.005;3.46;-0.47;-1.60;STABIL;Waspada
3578;12.0;Terang;1168;71.0;Basah;1.001;3.57;-0.48;-1.30;STABIL;Waspada
3569;12.0;Terang;1134;72.0;Basah;1.011;3.62;-0.47;-1.41;STABIL;Waspada
3561;13.0;Terang;1131;72.0;Basah;1.000;3.73;-0.36;-1.57;STABIL;Waspada
3555;13.0;Terang;1137;72.0;Basah;1.009;3.51;-0.39;-2.22;STABIL;Waspada
3553;13.0;Terang;1136;72.0;Basah;1.000;3.65;0.46;-3.16;STABIL;Waspada
3545;13.0;Terang;1159;71.0;Basah;2.559;343.52;-56.93;-34.40;GETARAN_KUAT;Bahaya
4095;0.0;Terang;1138;72.0;Basah;1.431;167.77;78.02;118.10;GETARAN_KUAT;Bahaya
4095;0.0;Terang;1136;72.0;Basah;606;236.01;33.68;-40.25;GETARAN_KUAT;Bahaya
4095;0.0;Terang;1138;72.0;Basah;2.071;208.58;77.56;-179.75;GETARAN_KUAT;Bahaya
4095;0.0;Terang;1140;72.0;Basah;1.038;301.04;39.33;-145.14;GETARAN_KUAT;Bahaya
4095;0.0;Terang;1136;72.0;Basah;673;378.29;46.83;-154.96;GETARAN_KUAT;Bahaya
4095;0.0;Terang;1136;72.0;Basah;1.533;524.54;-1.41;-12.40;GETARAN_KUAT;Bahaya
4095;0.0;Terang;1136;72.0;Basah;3.424;154.69;-1.77;-10.99;GETARAN_KUAT;Bahaya
4095;0.0;Terang;1136;72.0;Basah;1.100;322.27;19.72;179.81;GETARAN_KUAT;Bahaya
4095;0.0;Terang;1137;72.0;Basah;749;278.00;-30.12;-69.77;GETARAN_KUAT;Bahaya
4095;0.0;Terang;1134;72.0;Basah;2.263;419.70;-10.38;-16.50;GETARAN_KUAT;Bahaya
4095;0.0;Terang;1135;72.0;Basah;1.850;399.33;9.12;-12.16;GETARAN_KUAT;Bahaya
4095;0.0;Terang;1127;72.0;Basah;2.360;344.28;-2.67;1.49;GETARAN_KUAT;Bahaya
4095;0.0;Terang;1134;72.0;Basah;3.140;355.03;-76.00;-31.28;GETARAN_KUAT;Bahaya
4095;0.0;Terang;1136;72.0;Basah;483;463.77;42.41;10.53;GETARAN_KUAT;Bahaya
4095;0.0;Terang;1131;72.0;Basah;3.018;188.20;53.49;45.69;GETARAN_KUAT;Bahaya
4095;0.0;Terang;1133;72.0;Basah;1.942;500.27;-30.89;48.05;GETARAN_KUAT;Bahaya
4095;0.0;Terang;1135;72.0;Basah;688;451.50;-41.19;54.66;GETARAN_KUAT;Bahaya
4095;0.0;Terang;1122;72.0;Basah;822;219.00;40.82;-12.28;GETARAN_KUAT;Bahaya
4095;0.0;Terang;1132;72.0;Basah;3.100;151.34;72.53;126.72;GETARAN_KUAT;Bahaya
4095;0.0;Terang;1134;72.0;Basah;1.743;272.39;77.71;127.65;GETARAN_KUAT;Bahaya
4095;0.0;Terang;1146;72.0;Basah;1.655;224.10;80.14;101.48;GETARAN_KUAT;Bahaya
4095;0.0;Terang;1137;72.0;Basah;2.146;374.67;-54.82;-30.38;GETARAN_KUAT;Bahaya
3621;11.0;Terang;1131;72.0;Basah;2.019;518.79;-46.71;28.57;GETARAN_KUAT;Bahaya
3283;19.0;Terang;1129;72.0;Basah;1.582;181.58;-24.10;-25.77;GETARAN_KUAT;Bahaya
3143;23.0;Terang;1133;72.0;Basah;2.210;254.02;-74.19;-19.70;GETARAN_KUAT;Bahaya
3410;16.0;Terang;1135;72.0;Basah;1.640;209.65;-54.36;-5.16;GETARAN_KUAT;Bahaya
3119;23.0;Terang;1130;72.0;Basah;603;427.92;-31.22;41.62;GETARAN_KUAT;Bahaya
4095;0.0;Terang;1136;72.0;Basah;1.695;357.53;-47.74;11.30;GETARAN_KUAT;Bahaya
3680;10.0;Terang;1136;72.0;Basah;2.164;293.03;-40.09;-50.04;GETARAN_KUAT;Bahaya
2377;41.0;Gerimis;3316;19.0;Kering;1.003;3.39;0.36;-3.24;STABIL;Aman
2173;46.0;Gerimis;3331;18.0;Kering;1.000;3.60;0.39;-3.28;STABIL;Aman
2151;47.0;Gerimis;3328;18.0;Kering;1.000;3.28;0.20;-3.29;STABIL;Aman
2128;48.0;Gerimis;3339;18.0;Kering;1.002;3.42;0.31;-3.33;STABIL;Aman
2122;48.0;Gerimis;3326;18.0;Kering;1.000;3.75;0.24;-2.87;STABIL;Aman
2025;50.0;Gerimis;3329;18.0;Kering;1.006;3.60;0.29;-2.96;STABIL;Aman
2047;50.0;Gerimis;3345;18.0;Kering;1.008;3.59;0.56;-2.99;STABIL;Aman
2019;50.0;Gerimis;3337;18.0;Kering;1.004;3.47;0.40;-2.94;STABIL;Aman
2025;50.0;Gerimis;3335;18.0;Kering;1.001;3.65;0.34;-3.16;STABIL;Aman
2032;50.0;Gerimis;3346;18.0;Kering;1.000;3.34;0.42;-3.46;STABIL;Aman
2038;50.0;Gerimis;3323;18.0;Kering;1.004;3.55;0.15;-2.97;STABIL;Aman
2039;50.0;Gerimis;3313;19.0;Kering;1.006;3.68;0.57;-3.14;STABIL;Aman
2027;50.0;Gerimis;3334;18.0;Kering;1.005;3.54;0.39;-2.78;STABIL;Aman
1883;54.0;Gerimis;3332;18.0;Kering;1.009;3.72;0.32;-2.72;STABIL;Aman
1879;54.0;Gerimis;3323;18.0;Kering;1.004;3.59;0.29;-2.94;STABIL;Aman
1887;53.0;Gerimis;3312;19.0;Kering;998;3.52;0.22;-3.06;STABIL;Aman
1890;53.0;Gerimis;3337;18.0;Kering;1.005;3.68;0.28;-3.09;STABIL;Aman
1903;53.0;Gerimis;3327;18.0;Kering;1.000;3.65;0.49;-3.11;STABIL;Aman
1902;53.0;Gerimis;3371;17.0;Kering;1.001;3.42;0.29;-3.16;STABIL;Aman
1907;53.0;Gerimis;3305;19.0;Kering;998;3.72;0.38;-2.96;STABIL;Aman
1915;53.0;Gerimis;3307;19.0;Kering;1.002;3.54;-0.82;3.83;STABIL;Aman
1492;63.0;Gerimis;3281;19.0;Kering;998;3.28;-1.07;3.80;STABIL;Aman
1516;62.0;Gerimis;3280;19.0;Kering;1.008;3.50;-1.15;3.49;STABIL;Aman
1501;63.0;Gerimis;3303;19.0;Kering;1.000;3.36;-1.11;3.75;STABIL;Aman
1493;63.0;Gerimis;3280;19.0;Kering;1.001;3.70;-1.20;3.64;STABIL;Aman
1488;63.0;Gerimis;3274;20.0;Kering;1.004;3.48;-1.13;3.43;STABIL;Aman
1478;63.0;Gerimis;3287;19.0;Kering;1.005;3.33;-0.93;3.87;STABIL;Aman
1466;64.0;Gerimis;3299;19.0;Kering;1.004;3.42;-1.14;3.49;STABIL;Aman
1467;64.0;Gerimis;3269;20.0;Kering;999;3.61;-1.13;3.72;STABIL;Aman
1461;64.0;Gerimis;3290;19.0;Kering;1.004;3.36;-1.06;3.92;STABIL;Aman
1456;64.0;Gerimis;1954;52.0;Lembab;955;78.19;01.07;-0.15;GETARAN_RINGAN;Waspada
1455;64.0;Gerimis;1967;51.0;Lembab;1.041;61.01;-3.48;-1.90;GETARAN_RINGAN;Waspada
1444;64.0;Gerimis;1964;52.0;Lembab;1.084;23.41;8.42;-5.21;GETARAN_RINGAN;Waspada
1441;64.0;Gerimis;1962;52.0;Lembab;985;49.74;-28.11;-8.28;GETARAN_RINGAN;Waspada
1436;64.0;Gerimis;1961;52.0;Lembab;739;147.07;-12.39;-11.40;GETARAN_RINGAN;Waspada
1439;64.0;Gerimis;1965;52.0;Lembab;1.583;23.49;42.49;-17.06;GETARAN_RINGAN;Waspada
1439;64.0;Gerimis;1951;52.0;Lembab;953;91.46;-27.56;-8.07;GETARAN_RINGAN;Waspada
1442;64.0;Gerimis;1950;52.0;Lembab;1.466;59.73;40.61;-11.23;GETARAN_RINGAN;Waspada
1440;64.0;Gerimis;1953;52.0;Lembab;1.072;112.33;30.74;-4.71;GETARAN_RINGAN;Waspada
1437;64.0;Gerimis;1951;52.0;Lembab;898;122.25;24.63;-2.88;GETARAN_RINGAN;Waspada
1437;64.0;Gerimis;1952;52.0;Lembab;1.460;76.95;44.71;3.36;GETARAN_RINGAN;Waspada
1435;64.0;Gerimis;1951;52.0;Lembab;1.225;103.17;32.65;07.03;GETARAN_RINGAN;Waspada
1434;64.0;Gerimis;1966;51.0;Lembab;1.002;61.82;-35.88;-5.58;GETARAN_RINGAN;Waspada
1429;65.0;Gerimis;1959;52.0;Lembab;1.103;37.01;-46.65;-3.07;GETARAN_RINGAN;Waspada
1418;65.0;Gerimis;1966;51.0;Lembab;1.162;136.06;15.65;-1.90;GETARAN_RINGAN;Waspada
1417;65.0;Gerimis;1963;52.0;Lembab;1.552;56.35;43.60;2.70;GETARAN_RINGAN;Waspada
1418;65.0;Gerimis;1967;51.0;Lembab;816;133.29;-30.45;-14.31;GETARAN_RINGAN;Waspada
1411;65.0;Gerimis;1968;51.0;Lembab;1.417;41.66;35.30;-2.20;GETARAN_RINGAN;Waspada
1410;65.0;Gerimis;1967;51.0;Lembab;1.521;46.36;42.38;2.52;GETARAN_RINGAN;Waspada
1394;65.0;Gerimis;1965;52.0;Lembab;1.625;100.86;37.54;0.01;GETARAN_RINGAN;Waspada
1407;65.0;Gerimis;1965;52.0;Lembab;1.269;77.71;39.48;8.15;GETARAN_RINGAN;Waspada
1393;65.0;Gerimis;1968;51.0;Lembab;1.082;121.81;33.04;0.66;GETARAN_RINGAN;Waspada
1395;65.0;Gerimis;1956;52.0;Lembab;1.437;49.14;35.07;-0.87;GETARAN_RINGAN;Waspada
1396;65.0;Gerimis;1963;52.0;Lembab;1.055;146.20;0.12;-5.20;GETARAN_RINGAN;Waspada
1395;65.0;Gerimis;1954;52.0;Lembab;901;120.34;15.87;2.28;GETARAN_RINGAN;Waspada
1402;65.0;Gerimis;1971;51.0;Lembab;1.056;127.12;8.14;-9.97;GETARAN_RINGAN;Waspada
1389;66.0;Gerimis;1962;52.0;Lembab;1.304;108.49;34.80;2.80;GETARAN_RINGAN;Waspada
1388;66.0;Gerimis;1966;51.0;Lembab;1.633;117.36;27.48;4.37;GETARAN_RINGAN;Waspada
1391;66.0;Gerimis;1967;51.0;Lembab;1.042;92.29;-39.45;-6.90;GETARAN_RINGAN;Waspada
1386;66.0;Gerimis;1966;51.0;Lembab;856;123.28;-7.69;-1.32;GETARAN_RINGAN;Waspada
1268;69.0;Hujan;3290;19.0;Kering;1.001;3.32;-1.13;3.60;STABIL;Waspada
1034;74.0;Hujan;3287;19.0;Kering;995;3.32;-1.15;3.85;STABIL;Waspada
977;76.0;Hujan;3287;19.0;Kering;1.000;3.59;-1.06;3.79;STABIL;Waspada
1013;75.0;Hujan;3269;20.0;Kering;1.003;3.33;-1.05;3.47;STABIL;Waspada
1040;74.0;Hujan;3287;19.0;Kering;1.003;3.53;-1.27;3.36;STABIL;Waspada
1056;74.0;Hujan;3266;20.0;Kering;1.003;3.53;-3.66;-4.94;STABIL;Waspada
1067;73.0;Hujan;3291;19.0;Kering;997;03.02;-3.24;-4.88;STABIL;Waspada
1070;73.0;Hujan;3297;19.0;Kering;1.002;3.55;-3.44;-4.72;STABIL;Waspada
1069;73.0;Hujan;3282;19.0;Kering;1.006;3.57;6.20;1.19;STABIL;Waspada
1071;73.0;Hujan;3292;19.0;Kering;993;4.55;-7.06;-53.73;STABIL;Waspada
1069;73.0;Hujan;3281;19.0;Kering;1.007;3.59;3.56;-6.84;STABIL;Waspada
1075;73.0;Hujan;3280;19.0;Kering;1.003;3.48;3.73;-6.90;STABIL;Waspada
1079;73.0;Hujan;3269;20.0;Kering;1.009;3.62;3.43;-6.93;STABIL;Waspada
1074;73.0;Hujan;3261;20.0;Kering;1.007;3.44;3.46;-6.71;STABIL;Waspada
1075;73.0;Hujan;3254;20.0;Kering;1.004;3.77;3.50;-6.64;STABIL;Waspada
1079;73.0;Hujan;3251;20.0;Kering;1.005;3.32;3.62;-6.77;STABIL;Waspada
1077;73.0;Hujan;3265;20.0;Kering;1.005;3.52;3.40;-6.67;STABIL;Waspada
1077;73.0;Hujan;3286;19.0;Kering;1.009;3.45;3.25;-7.03;STABIL;Waspada
1076;73.0;Hujan;3278;19.0;Kering;1.003;3.51;3.56;-6.78;STABIL;Waspada
1081;73.0;Hujan;3265;20.0;Kering;1.006;3.48;3.49;-6.70;STABIL;Waspada
1080;73.0;Hujan;3280;19.0;Kering;1.004;3.67;3.63;-6.89;STABIL;Waspada
1072;73.0;Hujan;3277;19.0;Kering;1.010;3.34;3.41;-6.83;STABIL;Waspada
1072;73.0;Hujan;3260;20.0;Kering;1.012;3.62;3.57;-6.83;STABIL;Waspada
1072;73.0;Hujan;3281;19.0;Kering;998;3.52;3.43;-6.81;STABIL;Waspada
1070;73.0;Hujan;3262;20.0;Kering;1.004;3.49;3.29;-6.81;STABIL;Waspada
1072;73.0;Hujan;3291;19.0;Kering;1.004;3.70;3.51;-6.69;STABIL;Waspada
1062;74.0;Hujan;3263;20.0;Kering;1.003;3.67;3.89;-6.60;STABIL;Waspada
830;79.0;Hujan;3275;20.0;Kering;1.007;3.54;3.27;-6.78;STABIL;Waspada
879;78.0;Hujan;3234;21.0;Kering;1.010;3.40;3.55;-6.65;STABIL;Waspada
921;77.0;Hujan;3259;20.0;Kering;1.006;3.43;3.50;-6.67;STABIL;Waspada
944;76.0;Hujan;1968;51.0;Lembab;856;111.72;20.63;9.27;GETARAN_RINGAN;Waspada
950;76.0;Hujan;1961;52.0;Lembab;1.231;112.65;27.57;-1.44;GETARAN_RINGAN;Waspada
969;76.0;Hujan;1967;51.0;Lembab;1.420;74.65;30.35;1.78;GETARAN_RINGAN;Waspada
977;76.0;Hujan;1963;52.0;Lembab;1.108;39.87;-52.09;-13.23;GETARAN_RINGAN;Waspada
977;76.0;Hujan;1967;51.0;Lembab;835;147.07;19.63;-3.38;GETARAN_RINGAN;Waspada
984;75.0;Hujan;1973;51.0;Lembab;1.166;62.52;-12.55;-8.49;GETARAN_RINGAN;Waspada
996;75.0;Hujan;1963;52.0;Lembab;1.059;129.14;6.20;-14.81;GETARAN_RINGAN;Waspada
1001;75.0;Hujan;1965;52.0;Lembab;979;102.57;-3.43;-13.35;GETARAN_RINGAN;Waspada
977;76.0;Hujan;1956;52.0;Lembab;1.071;56.55;-36.15;-12.70;GETARAN_RINGAN;Waspada
992;75.0;Hujan;1963;52.0;Lembab;883;144.00;-13.30;-13.95;GETARAN_RINGAN;Waspada
989;75.0;Hujan;1959;52.0;Lembab;1.479;127.13;31.18;-3.36;GETARAN_RINGAN;Waspada
993;75.0;Hujan;1962;52.0;Lembab;1.551;101.36;36.42;3.80;GETARAN_RINGAN;Waspada
997;75.0;Hujan;1956;52.0;Lembab;1.018;65.88;-38.30;-11.97;GETARAN_RINGAN;Waspada
994;75.0;Hujan;1967;51.0;Lembab;1.559;43.65;42.97;0.17;GETARAN_RINGAN;Waspada
799;80.0;Hujan;1962;52.0;Lembab;1.463;85.89;32.46;1.80;GETARAN_RINGAN;Waspada
864;78.0;Hujan;1959;52.0;Lembab;1.075;70.10;-39.59;-14.82;GETARAN_RINGAN;Waspada
880;78.0;Hujan;1969;51.0;Lembab;946;114.43;12.56;0.55;GETARAN_RINGAN;Waspada
898;78.0;Hujan;1959;52.0;Lembab;1.019;126.72;-9.16;-11.03;GETARAN_RINGAN;Waspada
928;77.0;Hujan;1963;52.0;Lembab;1.156;111.62;17.70;3.78;GETARAN_RINGAN;Waspada
946;76.0;Hujan;1959;52.0;Lembab;1.339;71.28;28.84;4.19;GETARAN_RINGAN;Waspada
948;76.0;Hujan;1958;52.0;Lembab;1.066;124.34;-20.35;-11.28;GETARAN_RINGAN;Waspada
960;76.0;Hujan;1957;52.0;Lembab;1.018;104.00;2.41;-7.46;GETARAN_RINGAN;Waspada
965;76.0;Hujan;1959;52.0;Lembab;1.153;32.57;-35.38;-10.72;GETARAN_RINGAN;Waspada
969;76.0;Hujan;1965;52.0;Lembab;1.007;109.69;2.77;-6.24;GETARAN_RINGAN;Waspada
973;76.0;Hujan;1956;52.0;Lembab;1.367;32.83;38.27;-1.49;GETARAN_RINGAN;Waspada
971;76.0;Hujan;1958;52.0;Lembab;1.023;106.87;16.47;-8.72;GETARAN_RINGAN;Waspada
976;76.0;Hujan;1966;51.0;Lembab;1.297;62.39;33.36;-0.06;GETARAN_RINGAN;Waspada
977;76.0;Hujan;1958;52.0;Lembab;1.025;96.05;12.88;-9.46;GETARAN_RINGAN;Waspada
978;76.0;Hujan;1969;51.0;Lembab;940;74.04;-15.10;-21.41;GETARAN_RINGAN;Waspada
976;76.0;Hujan;1967;51.0;Lembab;990;99.87;13.42;-1.73;GETARAN_RINGAN;Waspada
986;75.0;Hujan;1133;72.0;Basah;2.008;379.45;47.44;-23.47;GETARAN_KUAT;Bahaya
983;75.0;Hujan;1134;72.0;Basah;2.219;391.93;5.33;8.75;GETARAN_KUAT;Bahaya
978;76.0;Hujan;1133;72.0;Basah;1.779;344.21;-19.73;-17.47;GETARAN_KUAT;Bahaya
988;75.0;Hujan;1133;72.0;Basah;503;397.88;-28.37;-147.12;GETARAN_KUAT;Bahaya
985;75.0;Hujan;1123;72.0;Basah;1.232;200.34;16.53;-163.61;GETARAN_KUAT;Bahaya
988;75.0;Hujan;1134;72.0;Basah;2.729;312.38;-11.75;11.17;GETARAN_KUAT;Bahaya
986;75.0;Hujan;1135;72.0;Basah;519;400.89;-54.77;21.82;GETARAN_KUAT;Bahaya
981;76.0;Hujan;1137;72.0;Basah;377;315.62;-43.24;-3.42;GETARAN_KUAT;Bahaya
985;75.0;Hujan;1129;72.0;Basah;500;175.76;-38.37;166.43;GETARAN_KUAT;Bahaya
983;75.0;Hujan;1131;72.0;Basah;771;532.22;39.53;27.71;GETARAN_KUAT;Bahaya
985;75.0;Hujan;1120;72.0;Basah;1.961;260.32;-60.00;15.76;GETARAN_KUAT;Bahaya
843;79.0;Hujan;1133;72.0;Basah;2.454;182.54;60.44;-10.10;GETARAN_KUAT;Bahaya
883;78.0;Hujan;1131;72.0;Basah;2.430;449.87;-35.49;-21.02;GETARAN_KUAT;Bahaya
910;77.0;Hujan;1131;72.0;Basah;2.852;162.60;-44.83;-20.27;GETARAN_KUAT;Bahaya
921;77.0;Hujan;1133;72.0;Basah;1.431;271.59;82.26;-35.20;GETARAN_KUAT;Bahaya
931;77.0;Hujan;1131;72.0;Basah;1.127;299.97;81.17;-88.30;GETARAN_KUAT;Bahaya
944;76.0;Hujan;1130;72.0;Basah;3.719;151.42;-45.85;-16.21;GETARAN_KUAT;Bahaya
960;76.0;Hujan;1130;72.0;Basah;1.538;407.09;-14.55;08.03;GETARAN_KUAT;Bahaya
953;76.0;Hujan;1131;72.0;Basah;549;323.33;43.55;-64.85;GETARAN_KUAT;Bahaya
958;76.0;Hujan;1127;72.0;Basah;2.487;155.23;86.76;65.70;GETARAN_KUAT;Bahaya
972;76.0;Hujan;1131;72.0;Basah;1.659;172.79;84.76;93.61;GETARAN_KUAT;Bahaya
961;76.0;Hujan;1135;72.0;Basah;2.226;313.07;-41.36;-14.90;GETARAN_KUAT;Bahaya
970;76.0;Hujan;1130;72.0;Basah;1.344;158.08;70.45;42.78;GETARAN_KUAT;Bahaya
976;76.0;Hujan;1125;72.0;Basah;1.720;357.92;-60.26;-57.90;GETARAN_KUAT;Bahaya
978;76.0;Hujan;1130;72.0;Basah;2.174;213.23;-68.40;-49.50;GETARAN_KUAT;Bahaya
974;76.0;Hujan;1125;72.0;Basah;2.100;338.65;-49.57;-29.78;GETARAN_KUAT;Bahaya
983;75.0;Hujan;1134;72.0;Basah;785;455.24;-24.98;-5.36;GETARAN_KUAT;Bahaya
981;76.0;Hujan;1131;72.0;Basah;812;469.88;43.56;31.65;GETARAN_KUAT;Bahaya
986;75.0;Hujan;1132;72.0;Basah;1.427;431.80;-54.73;1.85;GETARAN_KUAT;Bahaya
785;80.0;Hujan;1130;72.0;Basah;2.902;423.51;-72.62;-55.91;GETARAN_KUAT;Bahaya
809;80.0;Hujan;1131;72.0;Basah;1.004;3.55;0.15;-2.97;STABIL;Waspada
865;78.0;Hujan;1125;72.0;Basah;1.006;3.68;0.57;-3.14;STABIL;Waspada
880;78.0;Hujan;1131;72.0;Basah;1.005;3.54;0.39;-2.78;STABIL;Waspada
895;78.0;Hujan;1128;72.0;Basah;1.009;3.72;0.32;-2.72;STABIL;Waspada
909;77.0;Hujan;1129;72.0;Basah;1.004;3.59;0.29;-2.94;STABIL;Waspada
912;77.0;Hujan;1131;72.0;Basah;998;3.52;0.22;-3.06;STABIL;Waspada
922;77.0;Hujan;1126;72.0;Basah;1.005;3.68;0.28;-3.09;STABIL;Waspada
933;77.0;Hujan;1127;72.0;Basah;1.000;3.65;0.49;-3.11;STABIL;Waspada
943;76.0;Hujan;1246;69.0;Basah;1.001;3.42;0.29;-3.16;STABIL;Waspada
913;77.0;Hujan;1185;71.0;Basah;998;3.72;0.38;-2.96;STABIL;Waspada
921;77.0;Hujan;1181;71.0;Basah;1.002;3.54;-0.82;3.83;STABIL;Waspada
925;77.0;Hujan;1179;71.0;Basah;998;3.28;-1.07;3.80;STABIL;Waspada
931;77.0;Hujan;1180;71.0;Basah;1.008;3.50;-1.15;3.49;STABIL;Waspada
800;80.0;Hujan;1185;71.0;Basah;1.000;3.36;-1.11;3.75;STABIL;Waspada
1223;70.0;Hujan;1181;71.0;Basah;1.001;3.70;-1.20;3.64;STABIL;Waspada
1117;72.0;Hujan;1162;71.0;Basah;1.004;3.48;-1.13;3.43;STABIL;Bahaya
1268;69.0;Hujan;1177;71.0;Basah;1.005;3.33;-0.93;3.87;STABIL;Bahaya
1034;74.0;Hujan;1178;71.0;Basah;1.004;3.42;-1.14;3.49;STABIL;Bahaya
977;76.0;Hujan;1179;71.0;Basah;999;3.61;-1.13;3.72;STABIL;Bahaya
1013;75.0;Hujan;1171;71.0;Basah;1.004;3.36;-1.06;3.92;STABIL;Bahaya
1040;74.0;Hujan;1174;71.0;Basah;1.001;3.32;-1.13;3.60;STABIL;Bahaya
1056;74.0;Hujan;1169;71.0;Basah;995;3.32;-1.15;3.85;STABIL;Bahaya
1067;73.0;Hujan;1177;71.0;Basah;1.000;3.59;-1.06;3.79;STABIL;Bahaya
1070;73.0;Hujan;1174;71.0;Basah;1.003;3.33;-1.05;3.47;STABIL;Bahaya
1069;73.0;Hujan;1173;71.0;Basah;1.003;3.53;-1.27;3.36;STABIL;Bahaya
1071;73.0;Hujan;1174;71.0;Basah;1.003;3.53;-3.66;-4.94;STABIL;Bahaya
1069;73.0;Hujan;1153;71.0;Basah;997;03.02;-3.24;-4.88;STABIL;Bahaya
1075;73.0;Hujan;1141;72.0;Basah;1.002;3.55;-3.44;-4.72;STABIL;Bahaya
1079;73.0;Hujan;1136;72.0;Basah;1.006;3.57;6.20;1.19;STABIL;Bahaya
1074;73.0;Hujan;1136;72.0;Basah;993;4.55;-7.06;-53.73;STABIL;Bahaya
;;;;;;;;;;;
;;;;;;;;;;;
;;;;;;;;;;;
;;;;;;;;;;;
